"Date","Price","Open","High","Low","Vol.","Change %"
"01.12.2024","669,62","668,25","681,25","645,12","292,69K","-1,09%"
"01.11.2024","677,00","681,00","704,75","653,50","1,41M","1,20%"
"01.10.2024","669,00","660,25","732,00","633,75","1,41M","1,44%"
"01.09.2024","659,50","691,50","703,12","626,12","58,13K","-5,31%"
"01.08.2024","696,50","748,75","752,88","683,88","44,13K","-5,91%"
"01.07.2024","740,25","785,75","819,25","720,00","1,44M","-5,76%"
"01.06.2024","785,50","733,00","803,50","695,50","1,41M","7,35%"
"01.05.2024","731,75","771,25","773,25","726,75","1,20M","-5,46%"
"01.04.2024","774,00","819,50","875,50","762,00","1,17M","-5,26%"
"01.03.2024","817,00","830,50","863,25","802,75","1,17M","-1,18%"
"01.02.2024","826,75","854,75","932,50","805,75","1,21M","-3,30%"
"01.01.2024","855,00","758,00","882,75","740,75","1,49M","13,89%"
"01.12.2023","750,75","809,00","814,25","715,25","891,98K","-6,33%"
"01.11.2023","801,50","875,50","916,50","778,25","1,07M","-9,18%"
"01.10.2023","882,50","995,25","1.008,00","836,50","1,01M","-11,88%"
"01.09.2023","1.001,50","908,50","1.020,00","907,50","1,27M","11,84%"
"01.08.2023","895,50","887,00","968,25","858,50","1,09M","2,08%"
"01.07.2023","877,25","717,00","889,50","693,75","937,48K","23,69%"
"01.06.2023","709,25","658,25","745,25","656,50","1,09M","7,02%"
"01.05.2023","662,75","691,25","707,50","631,00","1,03M","-4,64%"
"01.04.2023","695,00","790,50","817,75","676,00","736,68K","-8,88%"
"01.03.2023","762,75","822,25","865,00","721,75","1,13M","-8,46%"
"01.02.2023","833,25","918,00","923,25","764,75","750,05K","-8,96%"
"01.01.2023","915,25","945,00","1.024,50","835,50","793,46K","-0,62%"
"01.12.2022","921,00","932,50","975,00","792,25","620,92K","-0,67%"
"01.11.2022","927,25","1.081,50","1.130,00","870,00","689,64K","-15,72%"
"01.10.2022","1.100,25","1.002,50","1.309,50","1.002,50","623,20K","10,77%"
"01.09.2022","993,25","1.090,50","1.152,00","911,00","870,18K","-9,58%"
"01.08.2022","1.098,50","1.069,50","1.207,00","937,25","653,46K","-0,72%"
"01.07.2022","1.106,50","1.185,75","1.247,50","1.005,75","598,12K","-4,61%"
"01.06.2022","1.160,00","1.218,25","1.433,75","1.142,25","595,17K","-6,77%"
"01.05.2022","1.244,25","1.205,00","1.300,00","989,50","522,82K","1,39%"
"01.04.2022","1.227,25","1.048,00","1.249,75","968,50","474,61K","15,70%"
"01.03.2022","1.060,75","891,75","1.665,00","864,50","803,04K","20,37%"
"01.02.2022","881,25","799,25","902,50","780,75","1,24M","10,68%"
"01.01.2022","796,25","669,50","811,00","662,50","1,22M","19,38%"
"01.12.2021","667,00","596,75","688,25","576,25","1,00M","11,21%"
"01.11.2021","599,75","721,00","748,50","577,50","1,63M","-16,53%"
"01.10.2021","718,50","674,75","755,00","667,50","1,68M","6,25%"
"01.09.2021","676,25","600,75","682,00","590,00","1,62M","12,43%"
"01.08.2021","601,50","612,75","613,50","537,25","1,32M","-1,92%"
"01.07.2021","613,25","599,25","623,25","551,00","1,30M","2,76%"
"01.06.2021","596,75","565,50","611,00","565,50","1,29M","5,20%"
"01.05.2021","567,25","534,50","571,00","529,75","1,15M","6,28%"
"01.04.2021","533,75","496,50","549,50","487,75","1,11M","5,64%"
"01.03.2021","505,25","530,25","564,50","482,00","1,49M","-5,03%"
"01.02.2021","532,00","447,25","548,00","445,25","1,32M","18,16%"
"01.01.2021","450,25","423,00","465,75","413,75","1,24M","7,01%"
"01.12.2020","420,75","390,50","435,00","380,50","1,13M","8,72%"
"01.11.2020","387,00","302,00","399,00","286,25","1,16M","26,89%"
"01.10.2020","305,00","334,00","351,25","295,75","1,27M","-7,44%"
"01.09.2020","329,50","362,25","368,75","306,00","1,42M","-8,98%"
"01.08.2020","362,00","365,50","389,25","357,50","1,06M","-0,82%"
"01.07.2020","365,00","354,00","388,50","349,00","1,02M","3,62%"
"01.06.2020","352,25","297,75","370,50","291,75","1,11M","24,14%"
"01.05.2020","283,75","240,00","310,25","210,00","1,06M","19,85%"
"01.04.2020","236,75","287,00","383,00","181,00","1,34M","-19,13%"
"01.03.2020","292,75","437,00","475,00","263,00","1,39M","-33,62%"
"01.02.2020","441,00","495,25","523,75","435,50","1,41M","-11,98%"
"01.01.2020","501,00","618,00","643,00","495,50","1,61M","-18,40%"
"01.12.2019","614,00","568,50","631,75","565,50","1,02M","7,34%"
"01.11.2019","572,00","568,25","596,50","557,00","1,24M","0,88%"
"01.10.2019","567,00","586,25","602,50","557,50","1,49M","-3,94%"
"01.09.2019","590,25","563,75","673,50","547,00","1,40M","5,21%"
"01.08.2019","561,00","595,75","599,25","532,00","1,13M","-6,77%"
"01.07.2019","601,75","591,25","612,25","567,00","1,04M","1,13%"
"01.06.2019","595,00","564,50","603,25","535,50","962,49K","3,03%"
"01.05.2019","577,50","635,25","666,75","564,00","1,56M","-9,48%"
"01.04.2019","638,00","605,00","651,00","604,75","1,05M","5,41%"
"01.03.2019","605,25","625,50","633,25","594,75","1,15M","-3,16%"
"01.02.2019","625,00","573,00","627,75","567,00","942,68K","6,93%"
"01.01.2019","584,50","503,50","587,75","491,25","1,06M","14,44%"
"01.12.2018","510,75","564,00","600,00","483,25","855,07K","-7,26%"
"01.11.2018","550,75","699,25","713,75","543,75","1,45M","-22,35%"
"01.10.2018","709,25","725,00","752,25","689,75","1,54M","-2,07%"
"01.09.2018","724,25","689,75","727,50","673,00","1,21M","4,93%"
"01.08.2018","690,25","649,00","693,75","636,25","1,18M","5,50%"
"01.07.2018","654,25","671,75","683,00","625,00","1,02M","-3,18%"
"01.06.2018","675,75","684,00","684,00","630,75","1,30M","-1,42%"
"01.05.2018","685,50","658,25","705,00","639,75","1,60M","4,58%"
"01.04.2018","655,50","621,25","665,00","599,75","1,23M","5,77%"
"01.03.2018","619,75","570,75","624,75","556,50","1,24M","7,41%"
"01.02.2018","577,00","614,75","624,25","539,25","1,19M","-5,64%"
"01.01.2018","611,50","603,50","630,50","596,25","1,17M","1,87%"
"01.12.2017","600,25","552,75","606,00","542,50","883,92K","7,76%"
"01.11.2017","557,00","553,75","573,50","540,25","1,22M","1,09%"
"01.10.2017","551,00","547,00","554,00","514,00","1,26M","0,50%"
"01.09.2017","548,25","512,00","556,25","500,00","1,30M","8,62%"
"01.08.2017","504,75","495,25","511,75","458,00","1,17M","3,22%"
"01.07.2017","489,00","441,75","502,25","422,75","1,13M","12,03%"
"01.06.2017","436,50","451,25","454,50","402,50","1,28M","-2,02%"
"01.05.2017","445,50","454,50","485,50","411,75","1,45M","-1,87%"
"01.04.2017","454,00","473,00","502,00","450,75","946,86K","-3,30%"
"01.03.2017","469,50","493,75","501,25","444,00","1,35M","-4,04%"
"01.02.2017","489,25","487,75","507,25","482,50","971,59K","-0,91%"
"01.01.2017","493,75","503,75","514,50","468,75","1,06M","-1,45%"
"01.12.2016","501,00","450,75","505,50","450,75","924,33K","11,77%"
"01.11.2016","448,25","443,75","457,50","400,25","1,22M","1,82%"
"01.10.2016","440,25","448,00","480,00","438,00","877,47K","-1,45%"
"01.09.2016","446,75","411,50","450,00","398,25","1,21M","7,78%"
"01.08.2016","414,50","370,25","448,75","353,50","1,02M","11,65%"
"01.07.2016","371,25","437,25","444,75","364,75","1,05M","-16,10%"
"01.06.2016","442,50","444,00","470,50","418,75","1,02M","-2,43%"
"01.05.2016","453,50","411,00","454,75","379,25","1,02M","9,81%"
"01.04.2016","413,00","351,00","421,50","312,00","1,00M","16,34%"
"01.03.2016","355,00","320,00","381,00","319,00","1,03M","9,40%"
"01.02.2016","324,50","309,75","330,75","272,25","1,03M","6,74%"
"01.01.2016","304,00","333,75","346,00","245,25","1,11M","-6,82%"
"01.12.2015","326,25","407,00","411,50","323,50","1,07M","-22,23%"
"01.11.2015","419,50","455,00","475,75","405,50","1,05M","-7,85%"
"01.10.2015","455,25","467,75","494,75","427,75","1,12M","-1,89%"
"01.09.2015","464,00","502,25","505,75","455,00","1,14M","-4,48%"
"01.08.2015","485,75","481,75","513,75","420,50","1,02M","-0,61%"
"01.07.2015","488,75","575,50","578,25","480,00","1,07M","-14,81%"
"01.06.2015","573,75","595,00","601,75","559,25","1,03M","-3,25%"
"01.05.2015","593,00","602,75","628,75","565,25","871,63K","-1,04%"
"01.04.2015","599,25","524,75","603,50","511,00","783,34K","13,82%"
"01.03.2015","526,50","599,00","599,00","504,25","880,21K","-11,33%"
"01.02.2015","593,75","499,75","601,75","494,00","821,98K","24,15%"
"01.01.2015","478,25","530,75","534,00","453,75","949,60K","-6,64%"
"01.12.2014","512,25","639,00","655,25","510,50","790,78K","-22,00%"
"01.11.2014","656,75","743,25","755,75","633,00","916,28K","-11,46%"
"01.10.2014","741,75","797,00","811,50","716,75","1,25M","-7,91%"
"01.09.2014","805,50","864,75","869,75","795,25","906,32K","-6,85%"
"01.08.2014","864,75","885,00","891,75","852,50","858,51K","-2,51%"
"01.07.2014","887,00","913,50","916,25","871,50","919,97K","-3,06%"
"01.06.2014","915,00","892,50","943,75","878,50","816,05K","2,52%"
"01.05.2014","892,50","906,00","918,50","891,50","1,01M","-0,94%"
"01.04.2014","901,00","896,25","928,75","873,25","1,49M","0,67%"
"01.03.2014","895,00","921,25","944,25","885,25","1,49M","-2,53%"
"01.02.2014","918,25","909,00","938,75","894,50","1,54M","0,71%"
"01.01.2014","911,75","945,00","945,50","893,75","1,83M","-3,37%"
"01.12.2013","943,50","937,75","957,00","914,25","1,14M","0,08%"
"01.11.2013","942,75","926,25","947,75","882,50","1,53M","2,03%"
"01.10.2013","924,00","915,25","947,00","902,00","2,15M","1,32%"
"01.09.2013","912,00","956,25","971,75","900,25","1,69M","-5,91%"
"01.08.2013","969,25","919,00","985,50","893,50","1,63M","6,19%"
"01.07.2013","912,75","876,00","931,25","869,50","1,75M","4,05%"
"01.06.2013","877,25","839,00","901,75","835,25","1,85M","3,76%"
"01.05.2013","845,50","848,75","886,00","824,00","1,87M","-0,50%"
"01.04.2013","849,75","917,50","938,00","820,25","1,73M","-7,46%"
"01.03.2013","918,25","925,00","939,75","896,25","1,59M","-2,21%"
"01.02.2013","939,00","986,50","1.020,25","926,50","1,79M","-4,45%"
"01.01.2013","982,75","939,00","986,25","922,25","2,03M","6,01%"
"01.12.2012","927,00","950,25","962,00","901,00","1,18M","-2,73%"
"01.11.2012","953,00","944,75","961,50","912,25","1,73M","0,37%"
"01.10.2012","949,50","976,50","1.016,25","935,50","2,37M","-2,57%"
"01.09.2012","974,50","997,75","1.017,00","943,75","1,71M","-1,99%"
"01.08.2012","994,25","899,00","1.002,50","897,50","1,75M","9,68%"
"01.07.2012","906,50","860,50","929,00","841,00","1,75M","7,50%"
"01.06.2012","843,25","868,00","874,00","801,00","1,72M","-2,71%"
"01.05.2012","866,75","1.007,00","1.012,00","863,00","1,90M","-13,58%"
"01.04.2012","1.003,00","1.012,50","1.037,25","982,00","1,72M","-1,06%"
"01.03.2012","1.013,75","1.013,25","1.045,75","1.002,75","1,83M","1,00%"
"01.02.2012","1.003,75","952,00","1.040,00","945,50","1,90M","5,69%"
"01.01.2012","949,75","925,50","981,00","925,50","1,95M","3,46%"
"01.12.2011","918,00","953,25","970,00","878,25","1,35M","-4,03%"
"01.11.2011","956,50","943,50","990,50","922,50","2,09M","1,84%"
"01.10.2011","939,25","872,00","966,50","844,25","2,21M","6,79%"
"01.09.2011","879,50","968,50","972,00","867,75","1,92M","-9,33%"
"01.08.2011","970,00","972,50","1.001,50","851,00","2,19M","-0,26%"
"01.07.2011","972,50","927,75","989,25","908,50","1,53M","4,63%"
"01.06.2011","929,50","965,00","998,50","861,50","1,87M","-3,63%"
"01.05.2011","964,50","1.037,25","1.044,25","877,75","1,90M","-6,92%"
"01.04.2011","1.036,25","993,00","1.060,50","986,25","1,67M","4,75%"
"01.03.2011","989,25","930,25","996,25","924,50","2,16M","5,72%"
"01.02.2011","935,75","846,25","977,00","833,25","1,96M","11,33%"
"01.01.2011","840,50","786,00","854,25","763,25","1,81M","9,44%"
"01.12.2010","768,00","725,50","792,00","723,50","1,26M","4,56%"
"01.11.2010","734,50","704,00","765,50","699,75","1,70M","4,33%"
"01.10.2010","704,00","712,25","733,75","693,00","1,87M","0,00%"
"01.09.2010","704,00","634,25","714,00","634,00","1,73M","9,19%"
"01.08.2010","644,75","664,00","701,75","617,50","1,34M","-1,53%"
"01.07.2010","654,75","641,75","667,25","609,00","1,45M","1,20%"
"01.06.2010","647,00","642,00","694,00","614,00","1,48M","1,01%"
"01.05.2010","640,50","735,00","750,50","589,50","1,39M","-12,80%"
"01.04.2010","734,50","687,50","739,50","685,50","1,40M","7,86%"
"01.03.2010","681,00","633,50","690,00","624,50","1,71M","7,71%"
"01.02.2010","632,25","587,75","648,75","558,25","1,46M","6,57%"
"01.01.2010","593,25","642,00","676,25","583,00","1,34M","-7,52%"
"01.12.2009","641,50","633,00","650,00","581,25","1,10M","2,56%"
"01.11.2009","625,50","626,50","656,75","591,75","1,28M","-1,07%"
"01.10.2009","632,25","577,50","670,25","549,25","1,31M","13,00%"
"01.09.2009","559,50","573,50","595,25","535,75","1,09M","-1,71%"
"01.08.2009","569,25","588,50","624,75","567,00","862,53K","-1,39%"
"01.07.2009","577,25","575,50","590,00","485,00","1,16M","1,67%"
"01.06.2009","567,75","533,25","606,50","533,25","1,10M","6,17%"
"01.05.2009","534,75","433,50","535,75","426,50","978,71K","22,93%"
"01.04.2009","435,00","429,25","473,50","417,75","847,47K","1,75%"
"01.03.2009","427,50","399,00","485,00","358,50","936,19K","8,85%"
"01.02.2009","392,75","453,00","457,00","367,25","806,71K","-13,54%"
"01.01.2009","454,25","445,25","530,50","418,75","1,02M","6,95%"
"01.12.2008","424,75","535,25","537,25","397,25","812,70K","-20,23%"
"01.11.2008","532,50","634,75","695,50","520,00","802,96K","-15,94%"
"01.10.2008","633,50","936,00","949,00","609,50","1,04M","-30,48%"
"01.09.2008","911,25","1.038,00","1.047,50","864,25","1,03M","-12,19%"
"01.08.2008","1.037,75","1.129,00","1.153,25","996,25","738,42K","-8,31%"
"01.07.2008","1.131,75","1.269,00","1.347,25","1.123,50","864,09K","-10,78%"
"01.06.2008","1.268,50","1.191,00","1.296,00","1.140,00","749,38K","6,44%"
"01.05.2008","1.191,75","1.054,75","1.308,25","1.013,00","740,84K","13,77%"
"01.04.2008","1.047,50","924,00","1.074,00","903,50","784,37K","9,71%"
"01.03.2008","954,75","892,00","979,00","886,75","800,24K","6,62%"
"01.02.2008","895,50","794,50","899,00","768,50","938,35K","13,68%"
"01.01.2008","787,75","830,50","856,25","747,00","901,12K","-5,23%"
"01.12.2007","831,25","792,25","841,25","763,00","657,84K","5,62%"
"01.11.2007","787,00","790,75","854,00","774,25","984,00K","0,16%"
"01.10.2007","785,75","703,00","792,75","669,50","927,93K","10,51%"
"01.09.2007","711,00","644,00","714,50","643,00","802,59K","10,75%"
"01.08.2007","642,00","659,00","661,50","608,75","764,00K","-2,36%"
"01.07.2007","657,50","632,00","665,75","628,00","677,87K","4,41%"
"01.06.2007","629,75","595,75","639,50","591,25","615,72K","6,56%"
"01.05.2007","591,00","597,75","618,75","567,25","668,01K","-1,17%"
"01.04.2007","598,00","589,75","610,75","565,75","593,30K","0,76%"
"01.03.2007","593,50","547,00","598,50","525,00","639,50K","9,60%"
"01.02.2007","541,50","518,75","550,50","502,00","594,21K","5,04%"
"01.01.2007","515,50","522,50","531,75","466,25","715,86K","-1,20%"
"01.12.2006","521,75","568,75","570,25","520,25","499,18K","-8,34%"
"01.11.2006","569,25","524,75","574,00","514,75","717,42K","9,37%"
"01.10.2006","520,50","558,00","569,25","517,50","677,15K","-5,41%"
"01.09.2006","550,25","642,25","644,00","533,50","618,20K","-13,72%"
"01.08.2006","637,75","647,25","679,25","630,00","605,29K","-0,82%"
"01.07.2006","643,00","652,00","685,50","627,00","568,07K","-1,04%"
"01.06.2006","649,75","628,50","653,00","610,00","483,01K","4,21%"
"01.05.2006","623,50","631,50","660,00","605,50","455,99K","-1,34%"
"01.04.2006","632,00","584,25","654,00","577,00","364,30K","8,54%"
"01.03.2006","582,25","545,25","589,75","525,50","511,31K","7,67%"
"01.02.2006","540,75","571,25","581,00","516,50","448,11K","-5,34%"
"01.01.2006","571,25","522,75","585,50","515,75","462,94K","10,17%"
"01.12.2005","518,50","512,50","560,00","501,50","360,97K","2,12%"
"01.11.2005","507,75","560,50","560,75","502,50","431,93K","-9,05%"
"01.10.2005","558,25","637,50","642,00","556,50","361,04K","-11,18%"
"01.09.2005","628,50","638,00","660,50","561,00","417,32K","-1,41%"
"01.08.2005","637,50","540,75","645,50","532,50","326,57K","18,94%"
"01.07.2005","536,00","525,00","576,75","511,00","417,72K","1,23%"
"01.06.2005","529,50","461,75","542,00","461,75","288,92K","15,42%"
"01.05.2005","458,75","470,50","474,25","429,50","231,28K","-2,50%"
"01.04.2005","470,50","514,00","539,00","457,00","248,31K","-7,52%"
"01.03.2005","508,75","450,00","513,00","444,50","294,21K","13,37%"
"01.02.2005","448,75","399,50","455,00","371,00","250,35K","14,11%"
"01.01.2005","393,25","354,75","417,50","351,25","260,09K","7,67%"
"01.12.2004","365,25","427,50","427,50","350,00","234,99K","-14,56%"
"01.11.2004","427,50","443,25","449,75","394,75","309,25K","-2,29%"
"01.10.2004","437,50","427,00","481,50","422,25","348,52K","1,92%"
"01.09.2004","429,25","353,00","431,50","353,00","276,42K","22,12%"
"01.08.2004","351,50","368,25","407,00","347,00","277,32K","-4,09%"
"01.07.2004","366,50","319,25","370,50","317,25","264,98K","15,34%"
"01.06.2004","317,75","314,75","333,00","298,50","269,48K","2,83%"
"01.05.2004","309,00","302,00","328,25","301,25","257,78K","3,52%"
"01.04.2004","298,50","273,00","299,25","255,50","279,29K","10,15%"
"01.03.2004","271,00","273,25","281,75","259,50","303,06K","0,37%"
"01.02.2004","270,00","251,50","271,50","243,25","243,10K","6,19%"
"01.01.2004","254,25","265,25","289,25","251,00","332,22K","-5,04%"
"01.12.2003","267,75","248,25","276,75","242,25","212,41K","7,21%"
"01.11.2003","249,75","244,00","270,00","237,50","248,43K","2,99%"
"01.10.2003","242,50","236,00","273,75","235,00","361,90K","2,65%"
"01.09.2003","236,25","252,00","253,25","212,00","278,02K","-7,17%"
"01.08.2003","254,50","243,00","261,50","241,75","208,72K","4,41%"
"01.07.2003","243,75","235,00","247,75","228,75","221,77K","3,28%"
"01.06.2003","236,00","224,75","238,50","218,50","236,22K","6,67%"
"01.05.2003","221,25","207,75","225,00","201,50","210,33K","7,66%"
"01.04.2003","205,50","229,50","229,50","198,50","200,14K","-10,55%"
"01.03.2003","229,75","297,00","325,25","212,00","264,69K","-23,80%"
"01.02.2003","301,50","264,50","313,50","261,50","275,39K","12,50%"
"01.01.2003","268,00","252,00","269,75","238,50","311,91K","7,85%"
"01.12.2002","248,50","223,50","261,50","219,25","248,87K","11,56%"
"01.11.2002","222,75","223,00","226,50","197,50","291,71K","0,45%"
"01.10.2002","221,75","245,75","250,25","216,50","288,51K","-9,77%"
"01.09.2002","245,75","233,25","250,50","225,00","218,43K","5,36%"
"01.08.2002","233,25","212,00","236,25","205,25","223,82K","9,12%"
"01.07.2002","213,75","208,00","219,75","203,75","249,48K","2,89%"
"01.06.2002","207,75","193,50","209,50","188,50","206,38K","5,86%"
"01.05.2002","196,25","208,25","218,50","194,50","222,54K","-6,99%"
"01.04.2002","211,00","210,50","221,50","188,00","209,15K","3,81%"
"01.03.2002","203,25","174,00","207,50","172,75","184,80K","18,51%"
"01.02.2002","171,50","165,75","174,75","158,75","196,32K","6,69%"
"01.01.2002","160,75","167,75","178,00","155,75","237,68K","-5,02%"
"01.12.2001","169,25","164,00","178,00","150,00","178,98K","3,36%"
"01.11.2001","163,75","183,75","194,50","155,00","241,05K","-10,88%"
"01.10.2001","183,75","210,00","210,75","182,50","235,64K","-12,08%"
"01.09.2001","209,00","233,50","274,00","189,00","235,85K","-10,20%"
"01.08.2001","232,75","221,00","238,00","218,00","163,95K","6,04%"
"01.07.2001","219,50","229,00","229,75","211,00","185,46K","-3,62%"
"01.06.2001","227,75","233,50","252,25","219,25","238,69K","-1,41%"
"01.05.2001","231,00","229,00","245,25","224,00","198,10K","-0,32%"
"01.04.2001","231,75","210,50","241,25","201,75","185,60K","11,28%"
"01.03.2001","208,25","214,00","226,25","204,50","171,02K","-4,25%"
"01.02.2001","217,50","211,50","239,00","210,75","176,17K","1,87%"
"01.01.2001","213,50","241,00","242,00","211,75","208,17K","-10,29%"
"01.12.2000","238,00","294,00","294,75","224,25","179,98K","-19,25%"
"01.11.2000","294,75","280,00","315,50","267,00","231,81K","6,89%"
"01.10.2000","275,75","287,50","342,50","275,25","228,42K","-2,65%"
"01.09.2000","283,25","303,75","341,50","277,50","207,63K","-7,28%"
"01.08.2000","305,50","237,00","309,00","232,00","243,71K","29,31%"
"01.07.2000","236,25","251,50","257,00","234,50","196,15K","-6,80%"
"01.06.2000","253,50","221,00","254,25","221,00","190,23K","12,54%"
"01.05.2000","225,25","203,25","233,50","201,25","167,45K","10,96%"
"01.04.2000","203,00","199,25","204,00","187,50","165,60K","2,14%"
"01.03.2000","198,75","223,00","245,75","195,00","196,33K","-10,87%"
"01.02.2000","223,00","217,50","224,00","206,50","183,23K","3,60%"
"01.01.2000","215,25","204,00","233,00","193,00","220,20K","0,94%"
"01.12.1999","213,25","201,50","214,50","191,25","159,02K","4,79%"
"01.11.1999","203,50","180,75","216,25","179,25","218,97K","13,21%"
"01.10.1999","179,75","193,00","194,00","167,50","157,56K","-6,50%"
"01.09.1999","192,25","179,75","196,25","175,75","172,53K","6,81%"
"01.08.1999","180,00","158,25","182,50","157,50","166,59K","10,94%"
"01.07.1999","162,25","145,25","162,50","144,00","167,16K","13,86%"
"01.06.1999","142,50","119,75","142,50","116,50","148,13K","17,04%"
"01.05.1999","121,75","138,00","138,75","119,00","149,63K","-9,31%"
"01.04.1999","134,25","130,00","138,25","123,50","138,46K","2,68%"
"01.03.1999","130,75","100,50","131,50","96,00","207,17K","30,42%"
"01.02.1999","100,25","102,75","103,25","91,75","121,32K","-0,25%"
"01.01.1999","100,50","101,25","113,25","96,00","164,41K","2,55%"
"01.12.1998","98,00","98,50","108,75","93,00","126,55K","-0,51%"
"01.11.1998","98,50","119,50","121,25","98,50","148,95K","-15,27%"
"01.10.1998","116,25","131,00","132,25","115,25","159,39K","-10,58%"
"01.09.1998","130,00","108,50","134,50","107,75","134,65K","20,37%"
"01.08.1998","108,00","115,25","115,50","103,75","122,37K","-5,88%"
"01.07.1998","114,75","122,50","124,25","114,25","128,71K","-6,71%"
"01.06.1998","123,00","124,50","129,50","117,75","141,28K","-0,61%"
"01.05.1998","123,75","137,25","140,75","122,75","108,54K","-8,33%"
"01.04.1998","135,00","134,00","141,75","129,50","90,96K","-0,18%"
"01.03.1998","135,25","135,75","145,50","117,00","130,77K","1,12%"
"01.02.1998","133,75","145,00","145,50","133,25","114,51K","-8,39%"
"01.01.1998","146,00","152,25","152,75","138,50","118,61K","-3,63%"
"01.12.1997","151,50","169,50","169,50","151,50","109,74K","-11,79%"
"01.11.1997","171,75","186,00","186,50","169,75","129,64K","-6,66%"
"01.10.1997","184,00","180,25","192,50","176,50","132,13K","0,96%"
"01.09.1997","182,25","165,25","182,75","160,75","107,10K","9,46%"
"01.08.1997","166,50","171,25","178,75","163,25","91,25K","-2,35%"
"01.07.1997","170,50","168,00","173,75","161,25","91,81K","2,40%"
"01.06.1997","166,50","173,50","175,25","160,25","99,57K","-4,17%"
"01.05.1997","173,75","169,50","180,50","164,00","95,90K","1,91%"
"01.04.1997","170,50","166,75","171,00","159,75","100,62K","0,89%"
"01.03.1997","169,00","161,25","177,50","161,25","92,85K","3,05%"
"01.02.1997","164,00","197,00","199,00","163,25","111,46K","-18,71%"
"01.01.1997","201,75","224,50","231,25","193,75","142,32K","-7,67%"
"01.12.1996","218,50","216,00","230,75","204,50","137,77K","0,92%"
"01.11.1996","216,50","209,75","222,25","202,25","125,24K","1,17%"
"01.10.1996","214,00","221,00","243,25","213,00","146,72K","-4,14%"
"01.09.1996","223,25","198,50","225,25","197,75","133,56K","15,23%"
"01.08.1996","193,75","175,00","196,25","172,75","86,34K","10,71%"
"01.07.1996","175,00","166,50","178,00","166,25","97,64K","5,42%"
"01.06.1996","166,00","160,00","167,25","156,75","80,39K","3,43%"
"01.05.1996","160,50","162,50","166,50","152,00","78,14K","-3,31%"
"01.04.1996","166,00","171,50","190,50","158,25","87,91K","-2,92%"
"01.03.1996","171,00","161,75","179,75","156,00","228,59K","6,38%"
"01.02.1996","160,75","153,75","164,00","152,50","458,18K","5,93%"
"01.01.1996","151,75","175,00","178,50","149,00","526,67K","-12,66%"
"01.12.1995","173,75","157,25","178,50","157,00","377,62K","10,85%"
"01.11.1995","156,75","151,75","159,50","151,25","265,11K","3,29%"
"01.10.1995","151,75","152,75","152,75","146,25","107,40K","-0,49%"
"01.09.1995","152,50","157,75","162,75","152,00","126,49K","-3,17%"
"01.08.1995","157,50","149,75","157,75","149,75","103,92K","5,53%"
"01.07.1995","149,25","147,00","153,50","145,50","104,76K","1,70%"
"01.06.1995","146,75","152,50","154,75","145,00","132,03K","-3,29%"
"01.05.1995","151,75","159,25","160,75","148,00","144,83K","-3,50%"
"01.04.1995","157,25","152,75","161,75","150,75","150,99K","2,95%"
"01.03.1995","152,75","147,00","153,25","142,75","240,36K","4,27%"
"01.02.1995","146,50","146,00","150,00","144,00","309,14K","0,86%"
"01.01.1995","145,25","151,25","151,25","142,50","284,82K","-3,33%"
"01.12.1994","150,25","150,50","151,25","139,50","223,35K","0,17%"
"01.11.1994","150,00","152,25","158,25","150,00","267,46K","-1,48%"
"01.10.1994","152,25","158,50","162,50","148,25","115,67K","-3,33%"
"01.09.1994","157,50","154,75","158,25","149,75","89,84K","1,29%"
"01.08.1994","155,50","166,75","171,50","148,25","97,00K","-4,89%"
"01.07.1994","163,50","157,75","163,75","151,00","99,48K","4,14%"
"01.06.1994","157,00","153,25","161,50","145,50","99,56K","3,12%"
"01.05.1994","152,25","150,75","154,75","148,25","79,08K","3,05%"
"01.04.1994","147,75","142,00","152,00","141,50","88,16K","8,64%"
"01.03.1994","136,00","139,00","142,25","133,75","170,70K","-2,86%"
"01.02.1994","140,00","143,75","154,75","137,00","325,89K","-2,61%"
"01.01.1994","143,75","142,50","151,50","140,75","365,74K","2,50%"
"01.12.1993","140,25","154,75","155,00","139,25","337,94K","-9,66%"
"01.11.1993","155,25","161,50","167,25","154,50","304,02K","-3,72%"
"01.10.1993","161,25","174,25","176,75","161,25","109,78K","-8,77%"
"01.09.1993","176,75","164,50","176,75","155,75","124,45K","6,96%"
"01.08.1993","165,25","160,00","167,75","155,75","78,44K","2,64%"
"01.07.1993","161,00","165,00","165,25","152,75","89,67K","-3,16%"
"01.06.1993","166,25","172,00","172,75","163,00","71,33K","-4,04%"
"01.05.1993","173,25","177,00","180,00","168,75","76,38K","-2,39%"
"01.04.1993","177,50","173,50","181,00","172,25","106,32K","2,60%"
"01.03.1993","173,00","174,50","180,25","169,50","106,62K","-0,29%"
"01.02.1993","173,50","171,00","175,75","165,00","100,56K","1,76%"
"01.01.1993","170,50","173,50","176,25","160,50","126,62K","-2,57%"
"01.12.1992","175,00","177,25","179,75","167,50","110,24K","-2,51%"
"01.11.1992","179,50","185,50","187,75","176,00","128,23K","-3,49%"
"01.10.1992","186,00","193,25","202,75","183,50","132,53K","-3,00%"
"01.09.1992","191,75","184,25","198,00","184,25","89,64K","5,21%"
"01.08.1992","182,25","188,75","188,75","177,50","89,71K","-2,54%"
"01.07.1992","187,00","189,75","193,00","181,75","95,27K","-1,97%"
"01.06.1992","190,75","186,50","196,75","183,50","82,65K","3,53%"
"01.05.1992","184,25","176,50","185,75","173,00","74,34K","4,69%"
"01.04.1992","176,00","163,50","178,50","163,50","83,35K","8,64%"
"01.03.1992","162,00","159,50","164,75","156,25","64,69K","1,73%"
"01.02.1992","159,25","170,50","175,00","156,00","73,76K","-5,77%"
"01.01.1992","169,00","163,00","174,75","153,50","113,03K","5,96%"
"01.12.1991","159,50","194,50","197,50","159,25","116,69K","-18,41%"
"01.11.1991","195,50","219,50","224,75","191,50","121,30K","-10,32%"
"01.10.1991","218,00","204,50","226,50","202,00","130,07K","6,08%"
"01.09.1991","205,50","200,50","206,25","191,75","62,53K","2,75%"
"01.08.1991","200,00","187,50","235,00","183,75","87,40K","6,52%"
"01.07.1991","187,75","175,00","189,25","173,50","81,45K","8,37%"
"01.06.1991","173,25","176,00","176,50","166,00","47,60K","-1,42%"
"01.05.1991","175,75","170,75","181,75","169,50","50,78K","1,44%"
"01.04.1991","173,25","159,50","184,50","159,50","47,32K","6,45%"
"01.03.1991","162,75","165,50","180,50","155,00","98,10K","-2,40%"
"01.02.1991","166,75","200,50","242,00","155,00","252,97K","-15,99%"
"01.01.1991","198,50","258,00","290,00","180,00","277,66K","-23,14%"
"01.12.1990","258,25","265,00","287,00","228,00","194,24K","-6,85%"
"01.11.1990","277,25","295,00","305,00","251,00","184,96K","-3,06%"
"01.10.1990","286,00","330,50","349,50","236,50","205,77K","-15,82%"
"01.09.1990","339,75","247,00","340,50","244,00","116,85K","40,39%"
"01.08.1990","242,00","179,75","300,00","179,25","145,99K","34,07%"
"01.07.1990","180,50","150,00","181,50","143,75","79,72K","23,21%"
"01.06.1990","146,50","147,25","150,00","137,00","60,75K","0,17%"
"01.05.1990","146,25","153,75","157,25","146,25","55,05K","-4,88%"
"01.04.1990","153,75","157,75","161,00","144,75","54,09K","-1,76%"
"01.03.1990","156,50","164,50","167,75","151,00","84,95K","-4,86%"
"01.02.1990","164,50","165,00","171,25","160,50","127,16K","0,30%"
"01.01.1990","164,00","205,00","219,50","158,75","158,43K","-19,71%"
"01.12.1989","204,25","185,75","210,00","184,25","182,92K","10,55%"
"01.11.1989","184,75","175,50","185,00","171,00","128,86K","6,48%"
"01.10.1989","173,50","173,50","184,00","168,00","104,91K","1,02%"
"01.09.1989","171,75","156,75","172,00","155,75","67,88K","8,87%"
"01.08.1989","157,75","147,00","158,00","144,25","66,16K","7,86%"
"01.07.1989","146,25","144,00","153,50","143,50","62,93K","1,56%"
"01.06.1989","144,00","143,00","149,00","132,50","68,43K","0,70%"
"01.05.1989","143,00","146,75","147,00","137,25","60,67K","-2,89%"
"01.04.1989","147,25","155,75","157,50","147,00","56,87K","-7,82%"
"01.03.1989","159,75","142,13","160,25","141,50","97,17K","13,70%"
"01.02.1989","140,50","140,75","145,00","132,00","118,20K","-1,23%"
"01.01.1989","142,25","149,13","155,00","140,50","164,73K","-3,89%"
"01.12.1988","148,00","137,75","149,75","136,75","122,19K","9,02%"
"01.11.1988","135,75","119,13","144,50","115,25","173,03K","11,73%"
"01.10.1988","121,50","109,88","127,50","104,00","175,27K","8,72%"
"01.09.1988","111,75","129,75","130,25","111,50","151,64K","-14,20%"
"01.08.1988","130,25","137,63","138,00","128,25","94,64K","-5,44%"
"01.07.1988","137,75","128,38","138,00","124,00","153,50K","8,04%"
"01.06.1988","127,50","142,00","142,75","127,00","134,14K","-9,73%"
"01.05.1988","141,25","136,25","144,00","136,00","79,66K","-1,57%"
"01.04.1988","143,50","134,00","152,00","132,00","99,95K","6,49%"
"01.03.1988","134,75","128,25","137,00","122,00","121,90K","4,26%"
"01.02.1988","129,25","137,63","143,75","126,50","92,58K","-6,34%"
"01.01.1988","138,00","146,75","155,00","137,50","100,70K","-5,64%"
"01.12.1987","146,25","159,75","164,75","134,00","130,60K","-9,16%"
"01.11.1987","161,00","168,00","168,25","155,00","95,63K","-4,87%"
"01.10.1987","169,25","162,25","175,50","162,00","91,87K","3,52%"
"01.09.1987","163,50","158,75","164,50","151,50","75,13K","3,32%"
"01.08.1987","158,25","173,50","176,50","148,50","115,69K","-5,38%"
"01.07.1987","167,25","159,50","175,50","158,50","93,39K","3,72%"
"01.06.1987","161,25","151,50","163,75","151,00","59,77K","6,79%"
"01.05.1987","151,00","147,50","157,00","147,50","57,40K","2,37%"
"01.04.1987","147,50","148,50","149,50","138,50","49,01K","-1,01%"
"01.03.1987","149,00","129,00","152,00","125,50","63,95K","13,74%"
"01.02.1987","131,00","160,50","162,00","130,50","81,01K","-18,38%"
"01.01.1987","160,50","155,00","170,00","152,00","81,48K","6,29%"
"01.12.1986","151,00","127,50","151,00","120,50","75,88K","19,13%"
"01.11.1986","126,75","122,50","138,50","121,00","60,38K","1,00%"
"01.10.1986","125,50","124,75","132,50","105,00","80,00K","-1,57%"
"01.09.1986","127,50","136,25","143,50","120,50","69,36K","-6,08%"
"01.08.1986","135,75","98,00","140,00","96,00","69,98K","36,09%"
"01.07.1986","99,75","109,00","110,00","90,50","65,34K","-10,94%"
"01.06.1986","112,00","120,00","123,00","111,75","58,12K","-8,94%"
"01.05.1986","123,00","131,00","146,75","123,00","63,43K","-7,87%"
"01.04.1986","133,50","116,00","151,25","110,00","86,88K","5,12%"
"01.03.1986","127,00","146,50","155,00","125,25","76,65K","-13,75%"
"01.02.1986","147,25","174,00","185,00","139,75","86,93K","-17,04%"
"01.01.1986","177,50","233,50","234,75","161,00","88,67K","-24,79%"
"01.12.1985","236,00","259,75","264,00","197,25","60,03K","-9,40%"
"01.11.1985","260,50","262,75","279,00","257,75","50,68K","-1,33%"
"01.10.1985","264,00","258,25","268,75","241,25","56,59K","2,13%"
"01.09.1985","258,50","243,00","260,75","237,50","43,10K","7,48%"
"01.08.1985","240,50","220,25","244,75","220,00","28,41K","8,95%"
"01.07.1985","220,75","212,25","222,75","211,50","6,35K","3,88%"
"01.06.1985","212,50","216,50","217,50","207,75","12,41K","-2,07%"
"01.05.1985","217,00","218,25","219,00","213,00","","-3,88%"
"01.04.1985","225,75","229,75","232,50","223,75","22,97K","-2,59%"
"01.03.1985","231,75","218,75","236,25","218,25","40,70K","2,66%"
"01.02.1985","225,75","221,00","237,50","220,00","43,83K","-2,59%"
"01.01.1985","231,75","216,25","236,75","214,50","","7,67%"
"01.12.1984","215,25","227,50","233,75","215,25","29,53K","-5,38%"
"01.11.1984","227,50","235,25","241,00","222,25","55,33K","-0,98%"
"01.10.1984","229,75","249,25","250,50","214,00","26,50K","-6,13%"
"01.09.1984","244,75","234,75","248,00","231,75","38,10K","5,61%"
"01.08.1984","231,75","222,50","241,25","219,50","46,82K","7,67%"
"01.07.1984","215,25","237,50","239,25","213,75","39,83K","-7,02%"
"01.06.1984","231,50","252,75","253,75","229,50","41,20K","-7,31%"
"01.05.1984","249,75","238,00","256,50","236,50","41,23K","4,72%"
"01.04.1984","238,50","246,50","246,75","238,25","18,99K","-4,31%"
"01.03.1984","249,25","245,75","253,75","242,00","12,32K","1,84%"
"01.02.1984","244,75","249,25","250,50","238,50","40,08K","-2,97%"
"01.01.1984","252,25","249,00","262,50","244,50","49,31K","0,40%"
"01.12.1983","251,25","244,00","256,50","239,00","42,14K","2,87%"
"01.11.1983","244,25","255,25","259,25","242,50","51,15K","-3,17%"
"01.10.1983","252,25","249,25","255,25","238,75","48,23K","1,41%"
"01.09.1983","248,75","258,25","259,25","248,75","45,20K","-2,93%"
"01.08.1983","256,25","260,50","264,75","256,00","41,14K","0,69%"
"01.07.1983","254,50","250,25","256,00","244,00","33,91K","2,41%"
"01.06.1983","248,50","236,25","254,75","235,75","38,99K","3,22%"
"01.05.1983","240,75","240,25","243,50","229,50","50,81K","-0,93%"
"01.04.1983","243,00","238,50","253,75","237,00","53,91K","3,74%"
"01.03.1983","234,25","221,00","238,25","220,00","63,46K","6,48%"
"01.02.1983","220,00","238,50","249,50","217,00","65,16K","-7,17%"
"01.01.1983","237,00","265,00","278,00","237,00","50,00K","-11,98%"
"01.12.1982","269,25","286,75","297,00","265,50","60,44K","-5,61%"
"01.11.1982","285,25","308,75","310,00","275,25","74,44K","-6,93%"
"01.10.1982","306,50","315,00","322,75","306,50","43,05K","-1,61%"
"01.09.1982","311,50","300,25","314,00","295,50","44,27K","4,88%"
"01.08.1982","297,00","283,50","299,00","279,50","35,47K","3,66%"
"01.07.1982","286,50","281,50","290,00","266,25","55,18K","1,78%"
"01.06.1982","281,50","293,00","296,50","274,75","38,69K","-5,46%"
"01.05.1982","297,75","292,00","305,00","281,00","36,68K","-1,41%"
"01.04.1982","302,00","260,75","308,50","257,00","59,31K","13,32%"
"01.03.1982","266,50","255,25","268,00","231,25","64,02K","-1,02%"
"01.02.1982","269,25","276,25","284,00","262,50","32,50K","-3,93%"
"01.01.1982","280,25","323,25","324,50","279,50","38,08K","-13,77%"
"01.12.1981","325,00","326,25","332,00","317,50","18,65K","-0,46%"
"01.11.1981","326,50","327,50","329,00","321,00","16,89K","0,31%"
"01.10.1981","325,50","307,00","325,50","307,00","23,97K","7,25%"
"01.09.1981","303,50","302,00","307,75","298,25","9,66K","0,41%"
"01.08.1981","302,25","301,75","305,50","292,75","10,19K","1,09%"
"01.07.1981","299,00","306,25","307,75","284,25","5,59K","4,73%"
"01.06.1981","285,50","285,50","289,00","267,50","","3,74%"
"01.05.1981","275,20","275,20","284,25","271,00","","-0,92%"