"Дата","Цена","Откр.","Макс.","Мин.","Объём","Изм. %"
"01.12.2024","298,00","297,70","299,70","291,50","304,48K","0,13%"
"01.11.2024","297,60","303,80","307,50","291,00","731,82K","-2,11%"
"01.10.2024","304,00","341,80","348,70","303,20","856,03K","-11,09%"
"01.09.2024","341,90","313,10","346,80","310,60","965,97K","9,23%"
"01.08.2024","313,00","313,90","333,40","295,70","934,38K","-0,35%"
"01.07.2024","314,10","335,40","339,50","304,70","495,28K","-6,43%"
"01.06.2024","335,70","355,70","357,30","335,40","410,56K","-5,68%"
"01.05.2024","355,90","348,20","386,90","346,00","372,51K","1,02%"
"01.04.2024","352,30","342,70","360,70","330,40","260,75K","3,07%"
"01.03.2024","341,80","330,30","351,00","329,20","445,54K","3,20%"
"01.02.2024","331,20","366,60","367,30","326,70","608,40K","-9,66%"
"01.01.2024","366,60","384,50","384,50","351,30","708,17K","-4,73%"
"01.12.2023","384,80","414,20","414,20","381,60","739,84K","-7,10%"
"01.11.2023","414,20","406,60","445,10","402,60","772,56K","1,82%"
"01.10.2023","406,80","379,40","417,50","366,20","782,99K","7,22%"
"01.09.2023","379,40","404,10","409,70","379,10","747,68K","-6,09%"
"01.08.2023","404,00","402,00","421,00","379,00","945,58K","0,60%"
"01.07.2023","401,60","406,20","429,70","394,50","344,67K","-1,11%"
"01.06.2023","406,10","377,70","436,50","377,10","380,18K","7,41%"
"01.05.2023","378,10","426,20","430,80","373,70","268,49K","-11,24%"
"01.04.2023","426,00","447,90","456,00","417,30","180,85K","-5,38%"
"01.03.2023","450,20","458,20","486,90","422,90","444,71K","-1,77%"
"01.02.2023","458,30","456,30","477,20","453,30","410,01K","0,44%"
"01.01.2023","456,30","460,00","469,50","433,90","373,33K","-1,02%"
"01.12.2022","461,00","415,80","469,30","413,30","730,35K","10,82%"
"01.11.2022","416,00","408,50","417,60","394,50","509,01K","1,64%"
"01.10.2022","409,30","401,00","419,10","389,80","458,22K","1,99%"
"01.09.2022","401,30","415,40","440,70","400,90","697,25K","-3,32%"
"01.08.2022","415,10","422,40","436,60","395,60","755,82K","-1,33%"
"01.07.2022","420,70","416,30","433,80","382,20","227,94K","1,11%"
"01.06.2022","416,10","407,40","425,00","387,40","221,33K","2,41%"
"01.05.2022","406,30","425,80","428,30","391,30","111,70K","-4,35%"
"01.04.2022","424,80","448,00","457,50","422,00","77,38K","-5,16%"
"01.03.2022","447,90","444,10","477,50","438,50","284,95K","1,22%"
"01.02.2022","442,50","414,90","481,70","413,80","413,51K","6,45%"
"01.01.2022","415,70","399,00","424,90","385,70","422,89K","4,68%"
"01.12.2021","397,10","341,60","409,90","339,10","548,06K","16,42%"
"01.11.2021","341,10","331,30","371,90","325,90","614,29K","2,93%"
"01.10.2021","331,40","331,00","334,10","311,20","446,16K","0,12%"
"01.09.2021","331,00","346,10","347,30","330,70","494,81K","-4,22%"
"01.08.2021","345,60","350,70","367,20","345,10","532,74K","-1,34%"
"01.07.2021","350,30","379,00","388,50","345,20","195,67K","-7,57%"
"01.06.2021","379,00","396,00","406,10","342,30","246,76K","-4,15%"
"01.05.2021","395,40","423,10","449,50","378,50","171,59K","-5,79%"
"01.04.2021","419,70","422,60","434,50","397,00","170,53K","0,02%"
"01.03.2021","419,60","422,20","424,30","389,20","297,93K","0,21%"
"01.02.2021","418,70","424,60","437,00","413,20","305,87K","-1,27%"
"01.01.2021","424,10","426,40","463,60","408,90","335,90K","0,17%"
"01.12.2020","423,40","389,10","427,30","377,80","576,23K","8,79%"
"01.11.2020","389,20","360,60","398,80","358,10","407,55K","8,05%"
"01.10.2020","360,20","342,10","370,60","341,40","439,84K","5,29%"
"01.09.2020","342,10","311,70","348,50","307,60","734,54K","9,47%"
"01.08.2020","312,50","293,40","314,90","283,10","634,24K","6,51%"
"01.07.2020","293,40","291,90","302,00","286,70","169,80K","0,69%"
"01.06.2020","291,40","286,30","296,70","285,00","157,24K","1,64%"
"01.05.2020","286,70","295,50","296,10","285,70","96,67K","-2,88%"
"01.04.2020","295,20","314,90","314,90","287,30","144,77K","-5,99%"
"01.03.2020","314,00","309,50","319,80","296,50","477,34K","1,26%"
"01.02.2020","310,10","301,50","311,60","296,50","500,70K","2,89%"
"01.01.2020","301,40","307,80","312,90","300,90","384,34K","-2,30%"
"01.12.2019","308,50","297,10","310,90","296,20","709,57K","3,84%"
"01.11.2019","297,10","310,50","312,70","296,80","494,22K","-4,32%"
"01.10.2019","310,50","303,20","318,30","302,60","442,15K","2,54%"
"01.09.2019","302,80","295,50","304,90","292,00","565,96K","2,54%"
"01.08.2019","295,30","302,10","303,40","292,70","624,82K","-2,25%"
"01.07.2019","302,10","320,10","320,50","301,30","189,16K","-4,79%"
"01.06.2019","317,30","323,90","330,50","311,80","243,74K","-2,13%"
"01.05.2019","324,20","301,50","330,90","285,00","207,94K","7,53%"
"01.04.2019","301,50","311,20","317,30","300,60","137,46K","-3,21%"
"01.03.2019","311,50","310,00","321,10","304,20","217,12K","0,55%"
"01.02.2019","309,80","318,50","324,90","309,40","312,10K","-2,52%"
"01.01.2019","317,80","313,70","327,90","312,90","329,31K","1,44%"
"01.12.2018","313,30","320,10","321,70","310,30","483,37K","0,03%"
"01.11.2018","313,20","309,50","319,80","305,30","403,24K","1,16%"
"01.10.2018","309,60","309,30","327,40","305,80","463,79K","0,06%"
"01.09.2018","309,40","307,70","320,50","302,90","656,61K","0,72%"
"01.08.2018","307,20","339,30","339,90","302,60","765,59K","-9,70%"
"01.07.2018","340,20","330,30","341,80","323,10","234,93K","2,81%"
"01.06.2018","330,90","377,10","377,40","324,60","260,24K","-11,95%"
"01.05.2018","375,80","392,60","403,20","370,80","223,84K","-4,23%"
"01.04.2018","392,40","383,30","400,10","364,60","201,49K","2,40%"
"01.03.2018","383,20","390,00","400,60","359,00","316,61K","-2,27%"
"01.02.2018","392,10","343,70","395,60","332,30","543,10K","14,08%"
"01.01.2018","343,70","321,30","351,70","314,00","429,58K","7,37%"
"01.12.2017","320,10","329,60","351,20","318,80","544,93K","-2,94%"
"01.11.2017","329,80","317,30","335,00","315,00","413,72K","4,01%"
"01.10.2017","317,10","317,00","332,80","311,80","273,63K","-0,22%"
"01.09.2017","317,80","299,40","322,70","296,40","585,15K","6,11%"
"01.08.2017","299,50","319,90","319,90","295,10","618,07K","-7,16%"
"01.07.2017","322,60","310,60","343,20","310,60","170,07K","4,77%"
"01.06.2017","307,90","300,70","312,50","294,40","155,76K","2,43%"
"01.05.2017","300,60","317,30","325,80","299,40","121,76K","-5,17%"
"01.04.2017","317,00","312,20","324,10","310,50","94,82K","1,50%"
"01.03.2017","312,30","339,10","342,90","311,10","194,59K","-7,98%"
"01.02.2017","339,40","339,60","357,20","335,80","242,68K","-0,21%"
"01.01.2017","340,10","319,40","354,00","313,50","293,96K","6,55%"
"01.12.2016","319,20","321,70","330,90","313,80","422,44K","-0,59%"
"01.11.2016","321,10","319,50","331,70","308,40","294,06K","0,47%"
"01.10.2016","319,60","300,20","330,20","296,80","314,61K","6,46%"
"01.09.2016","300,20","306,50","321,30","295,40","449,82K","-2,12%"
"01.08.2016","306,70","344,80","347,90","305,50","585,86K","-12,10%"
"01.07.2016","348,90","403,70","404,20","331,50","212,78K","-13,57%"
"01.06.2016","403,70","377,90","420,30","371,60","269,58K","6,60%"
"01.05.2016","378,70","333,40","386,00","331,30","187,39K","13,32%"
"01.04.2016","334,20","274,40","338,70","269,90","149,03K","21,79%"
"01.03.2016","274,40","265,30","280,20","263,70","192,52K","3,47%"
"01.02.2016","265,20","276,60","279,00","261,70","233,59K","-4,12%"
"01.01.2016","276,60","269,10","279,60","267,00","229,96K","2,83%"
"01.12.2015","269,00","287,20","293,40","268,50","441,46K","-6,43%"
"01.11.2015","287,50","301,60","303,70","279,60","343,94K","-4,64%"
"01.10.2015","301,50","308,00","317,30","297,00","306,77K","-2,17%"
"01.09.2015","308,20","311,00","317,00","299,20","492,17K","-1,00%"
"01.08.2015","311,30","326,00","346,90","306,30","628,10K","-4,89%"
"01.07.2015","327,30","348,20","361,40","323,50","222,06K","-6,03%"
"01.06.2015","348,30","294,50","349,10","288,10","216,25K","18,07%"
"01.05.2015","295,00","314,40","316,10","292,70","106,02K","-6,23%"
"01.04.2015","314,60","323,70","330,20","306,80","80,00K","-2,81%"
"01.03.2015","323,70","337,90","340,50","314,50","179,98K","-4,51%"
"01.02.2015","339,00","321,50","347,10","316,00","220,61K","5,34%"
"01.01.2015","321,80","339,80","351,20","314,60","250,27K","-5,60%"
"01.12.2014","340,90","349,10","365,40","337,00","369,34K","-2,91%"
"01.11.2014","351,10","346,20","379,70","332,40","418,95K","1,42%"
"01.10.2014","346,20","296,10","359,40","293,70","380,81K","16,41%"
"01.09.2014","297,40","349,00","362,00","296,10","455,66K","-15,20%"
"01.08.2014","350,70","349,50","358,00","340,50","514,61K","-0,31%"
"01.07.2014","351,80","390,70","393,30","343,70","116,04K","-10,39%"
"01.06.2014","392,60","434,20","436,20","390,50","58,31K","-9,97%"
"01.05.2014","436,10","463,40","465,00","416,70","67,76K","-6,11%"
"01.04.2014","464,50","435,00","464,90","432,60","71,61K","6,39%"
"01.03.2014","436,60","443,80","448,80","412,70","192,37K","-1,58%"
"01.02.2014","443,60","401,10","457,90","399,40","247,32K","10,76%"
"01.01.2014","400,50","407,30","419,20","392,90","217,17K","-1,74%"
"01.12.2013","407,60","424,10","431,70","406,60","366,19K","-3,98%"
"01.11.2013","424,50","388,10","426,00","378,40","274,55K","9,66%"
"01.10.2013","387,10","401,50","418,50","386,80","229,55K","-4,02%"
"01.09.2013","403,30","438,20","451,20","401,90","464,21K","-4,81%"
"01.08.2013","423,70","368,10","445,80","348,00","648,06K","14,70%"
"01.07.2013","369,40","398,50","423,20","363,60","144,08K","-7,81%"
"01.06.2013","400,70","405,80","417,90","393,20","103,45K","-1,31%"
"01.05.2013","406,00","389,20","408,70","361,40","91,46K","4,40%"
"01.04.2013","388,90","385,50","395,20","364,70","54,32K","0,88%"
"01.03.2013","385,50","429,60","436,20","385,00","153,64K","-10,27%"
"01.02.2013","429,60","417,70","437,80","397,80","231,33K","2,97%"
"01.01.2013","417,20","416,50","424,90","387,80","224,98K","1,31%"
"01.12.2012","411,80","428,70","455,50","410,90","235,36K","-3,67%"
"01.11.2012","427,50","464,00","471,00","405,50","199,60K","-7,87%"
"01.10.2012","464,00","482,00","483,10","433,80","121,59K","-4,11%"
"01.09.2012","483,90","536,80","541,80","466,90","397,39K","-9,28%"
"01.08.2012","533,40","501,40","538,90","473,60","544,64K","6,45%"
"01.07.2012","501,10","429,00","515,00","426,30","125,70K","18,18%"
"01.06.2012","424,00","372,80","429,90","365,40","91,09K","14,07%"
"01.05.2012","371,70","427,50","429,90","370,00","67,59K","-13,11%"
"01.04.2012","427,80","387,00","428,20","383,10","53,86K","10,97%"
"01.03.2012","385,50","351,70","389,70","349,50","135,17K","9,02%"
"01.02.2012","353,60","323,40","354,80","321,80","168,11K","9,17%"
"01.01.2012","323,90","321,80","331,20","299,60","136,74K","2,56%"
"01.12.2011","315,80","293,90","318,50","279,50","188,77K","7,16%"
"01.11.2011","294,70","320,50","323,00","283,40","180,28K","-8,14%"
"01.10.2011","320,80","310,10","333,40","303,30","104,54K","3,28%"
"01.09.2011","310,60","387,40","387,70","308,70","437,50K","-19,91%"
"01.08.2011","387,80","355,30","390,40","338,00","519,84K","9,21%"
"01.07.2011","355,10","333,50","368,20","333,50","86,64K","6,48%"
"01.06.2011","333,50","355,00","370,10","330,20","99,95K","-6,03%"
"01.05.2011","354,90","363,40","364,90","342,60","77,98K","-2,53%"
"01.04.2011","364,10","373,20","376,20","345,00","82,29K","-3,04%"
"01.03.2011","375,50","364,00","380,60","344,50","166,05K","3,13%"
"01.02.2011","364,10","383,90","394,00","350,00","178,80K","-5,06%"
"01.01.2011","383,50","374,00","390,40","363,20","166,25K","2,40%"
"01.12.2010","374,50","341,50","375,80","335,60","185,00K","9,15%"
"01.11.2010","343,10","342,00","369,30","324,20","192,56K","0,85%"
"01.10.2010","340,20","308,30","344,30","288,20","88,20K","10,24%"
"01.09.2010","308,60","295,70","323,30","291,00","294,18K","4,54%"
"01.08.2010","295,20","290,40","304,50","286,00","342,89K","1,55%"
"01.07.2010","290,70","268,90","293,10","267,70","92,43K","8,11%"
"01.06.2010","268,90","260,30","280,30","257,70","91,69K","2,83%"
"01.05.2010","261,50","292,20","293,10","258,80","43,33K","-10,35%"
"01.04.2010","291,70","262,90","293,90","257,60","47,46K","11,42%"
"01.03.2010","261,80","270,00","274,70","251,20","140,56K","-2,89%"
"01.02.2010","269,60","268,50","281,40","259,80","162,49K","0,79%"
"01.01.2010","267,50","302,90","307,70","266,50","146,40K","-10,86%"
"01.12.2009","300,10","309,70","314,80","289,40","146,03K","-3,22%"
"01.11.2009","310,10","283,90","312,60","275,00","151,50K","8,62%"
"01.10.2009","285,50","281,70","306,80","265,00","84,17K","0,99%"
"01.09.2009","282,70","297,40","300,50","271,20","260,02K","-4,97%"
"01.08.2009","297,50","310,00","324,50","278,00","324,44K","-3,16%"
"01.07.2009","307,20","340,40","355,70","269,50","100,76K","-9,46%"
"01.06.2009","339,30","350,40","371,00","324,80","89,81K","-2,36%"
"01.05.2009","347,50","315,00","356,00","312,70","77,37K","9,90%"
"01.04.2009","316,20","284,50","318,50","283,60","43,27K","10,83%"
"01.03.2009","285,30","265,40","296,50","255,90","71,43K","6,73%"
"01.02.2009","267,30","307,10","316,70","256,90","105,09K","-13,66%"
"01.01.2009","309,60","300,50","327,20","293,90","97,02K","2,69%"
"01.12.2008","301,50","257,00","305,60","235,00","105,92K","18,05%"
"01.11.2008","255,40","278,10","290,30","252,60","91,17K","-8,13%"
"01.10.2008","278,00","290,00","294,90","242,20","79,73K","-3,41%"
"01.09.2008","287,80","352,60","360,40","286,50","281,52K","-19,61%"
"01.08.2008","358,00","371,70","375,90","310,60","304,83K","-4,15%"
"01.07.2008","373,50","426,90","443,50","354,80","80,16K","-12,12%"
"01.06.2008","425,00","342,80","425,00","339,00","76,66K","24,49%"
"01.05.2008","341,40","326,50","354,10","319,80","57,39K","0,71%"
"01.04.2008","339,00","318,00","357,00","301,50","55,40K","6,94%"
"01.03.2008","317,00","382,90","397,00","305,60","277,75K","-17,60%"
"01.02.2008","384,70","352,00","389,50","350,00","226,71K","10,07%"
"01.01.2008","349,50","343,00","375,00","333,90","168,38K","2,34%"
"01.12.2007","341,50","298,00","353,50","294,20","207,74K","14,71%"
"01.11.2007","297,70","285,50","307,00","276,50","181,25K","4,57%"
"01.10.2007","284,70","284,20","289,80","262,70","86,20K","0,42%"
"01.09.2007","283,50","246,20","294,90","246,20","269,78K","15,38%"
"01.08.2007","245,70","222,30","250,00","219,50","314,16K","11,38%"
"01.07.2007","220,60","234,70","258,60","217,00","67,20K","-5,61%"
"01.06.2007","233,70","222,00","243,80","219,70","59,03K","5,84%"
"01.05.2007","220,80","202,40","224,90","200,50","36,67K","9,63%"
"01.04.2007","201,40","218,00","227,80","199,00","25,65K","-8,62%"
"01.03.2007","220,40","237,10","237,10","217,00","75,57K","-6,65%"
"01.02.2007","236,10","218,30","245,20","217,00","111,02K","8,75%"
"01.01.2007","217,10","200,40","225,70","193,00","92,23K","8,71%"
"01.12.2006","199,70","199,70","200,00","188,50","101,10K","0,15%"
"01.11.2006","199,40","192,60","206,00","190,60","142,90K","3,58%"
"01.10.2006","192,50","166,60","194,00","163,20","86,31K","17,09%"
"01.09.2006","164,40","162,30","170,50","158,50","200,65K","1,86%"
"01.08.2006","161,40","166,50","167,00","158,80","208,21K","-3,06%"
"01.07.2006","166,50","179,70","180,80","164,80","56,93K","-6,30%"
"01.06.2006","177,70","173,70","188,00","172,50","50,58K","2,07%"
"01.05.2006","174,10","177,20","183,00","173,00","41,81K","-0,57%"
"01.04.2006","175,10","178,40","180,40","172,50","32,51K","-1,68%"
"01.03.2006","178,10","179,00","184,40","175,10","52,54K","-0,39%"
"01.02.2006","178,80","189,50","191,50","177,10","67,53K","-6,09%"
"01.01.2006","190,40","199,40","202,50","179,90","52,54K","-3,50%"
"01.12.2005","197,30","173,60","204,50","172,70","114,57K","13,72%"
"01.11.2005","173,50","174,60","186,20","169,00","87,41K","-0,63%"
"01.10.2005","174,60","170,10","181,20","167,00","41,16K","1,45%"
"01.09.2005","172,10","185,60","191,80","170,70","132,41K","-7,27%"
"01.08.2005","185,60","211,00","217,00","184,10","190,05K","-11,70%"
"01.07.2005","210,20","207,70","229,50","206,00","43,14K","1,40%"
"01.06.2005","207,30","213,00","240,00","202,60","52,40K","-3,36%"
"01.05.2005","214,50","192,60","215,30","187,20","28,66K","10,97%"
"01.04.2005","193,30","188,50","204,20","183,70","25,74K","2,28%"
"01.03.2005","189,00","185,20","208,30","183,00","80,43K","1,83%"
"01.02.2005","185,60","155,90","187,50","152,00","132,85K","19,51%"
"01.01.2005","155,30","163,30","168,30","155,10","96,57K","-5,88%"
"01.12.2004","165,00","157,40","169,00","152,70","115,51K","4,90%"
"01.11.2004","157,30","157,90","167,00","150,50","102,75K","-0,38%"
"01.10.2004","157,90","162,30","165,00","153,50","54,42K","-1,99%"
"01.09.2004","161,10","180,60","190,00","160,80","128,41K","-11,09%"
"01.08.2004","181,20","177,00","187,30","168,20","174,05K","3,25%"
"01.07.2004","175,50","242,00","269,70","175,00","74,39K","-27,33%"
"01.06.2004","241,50","242,00","270,00","232,00","46,51K","3,65%"
"01.05.2004","233,00","302,00","316,50","233,00","65,79K","-22,20%"
"01.04.2004","299,50","302,00","326,00","277,50","76,13K","0,07%"
"01.03.2004","299,30","279,00","317,50","274,00","101,28K","8,21%"
"01.02.2004","276,60","252,00","279,00","237,50","133,37K","9,46%"
"01.01.2004","252,70","243,50","263,20","236,70","119,02K","3,35%"
"01.12.2003","244,50","228,50","249,50","220,50","125,34K","7,28%"
"01.11.2003","227,90","248,50","250,00","221,20","123,03K","-7,47%"
"01.10.2003","246,30","201,20","251,00","197,20","111,84K","22,54%"
"01.09.2003","201,00","180,80","205,00","176,70","155,48K","9,60%"
"01.08.2003","183,40","159,50","189,50","155,50","194,80K","16,30%"
"01.07.2003","157,70","180,60","182,00","155,50","44,65K","-12,68%"
"01.06.2003","180,60","181,90","190,10","178,80","42,84K","-1,15%"
"01.05.2003","182,70","188,30","195,00","180,80","42,81K","-2,87%"
"01.04.2003","188,10","166,10","190,00","165,50","31,30K","13,59%"
"01.03.2003","165,60","175,50","176,00","163,30","40,29K","-5,10%"
"01.02.2003","174,50","167,20","179,00","164,80","79,98K","3,44%"
"01.01.2003","168,70","166,50","174,00","159,50","84,29K","1,32%"
"01.12.2002","166,50","167,50","172,00","161,40","82,85K","-0,24%"
"01.11.2002","166,90","170,30","172,80","162,80","77,63K","-2,17%"
"01.10.2002","170,60","172,70","175,20","166,00","63,09K","-1,22%"
"01.09.2002","172,70","171,10","189,30","171,00","137,34K","1,47%"
"01.08.2002","170,20","170,50","185,90","165,30","182,29K","0,41%"
"01.07.2002","169,50","174,30","180,90","160,50","59,94K","-1,68%"
"01.06.2002","172,40","161,20","174,00","157,70","48,88K","6,22%"
"01.05.2002","162,30","156,20","163,20","153,60","22,24K","3,91%"
"01.04.2002","156,20","159,00","160,80","150,70","25,00K","-1,51%"
"01.03.2002","158,60","151,30","162,20","150,30","48,40K","4,82%"
"01.02.2002","151,30","148,00","153,90","145,00","59,49K","2,30%"
"01.01.2002","147,90","142,10","157,30","140,30","90,00K","3,79%"
"01.12.2001","142,50","151,30","152,20","141,10","83,12K","-5,82%"
"01.11.2001","151,30","155,50","158,20","146,80","115,22K","-2,83%"
"01.10.2001","155,70","158,50","166,00","151,50","82,46K","-1,70%"
"01.09.2001","158,40","167,70","171,00","158,20","73,10K","-6,05%"
"01.08.2001","168,60","167,00","173,00","159,50","159,33K","0,72%"
"01.07.2001","167,40","167,10","178,70","161,30","54,97K","0,48%"
"01.06.2001","166,60","155,50","166,50","152,30","44,50K","7,69%"
"01.05.2001","154,70","150,70","157,00","149,50","40,36K","2,79%"
"01.04.2001","150,50","143,50","153,00","143,50","24,42K","5,76%"
"01.03.2001","142,30","154,50","160,50","142,50","56,27K","-8,43%"
"01.02.2001","155,40","163,50","166,30","154,60","60,54K","-5,24%"
"01.01.2001","164,00","184,20","189,10","162,50","74,43K","-11,16%"
"01.12.2000","184,60","187,60","188,70","182,20","88,97K","-1,60%"
"01.11.2000","187,60","166,00","189,50","164,50","113,88K","13,08%"
"01.10.2000","165,90","168,60","170,70","161,90","49,19K","-2,07%"
"01.09.2000","169,40","170,50","174,30","165,10","123,20K","-0,88%"
"01.08.2000","170,90","146,80","171,50","145,20","146,76K","17,30%"
"01.07.2000","145,70","155,00","157,00","145,00","44,34K","-7,20%"
"01.06.2000","157,00","177,00","177,50","154,50","42,92K","-10,08%"
"01.05.2000","174,60","173,70","188,40","172,00","33,02K","1,99%"
"01.04.2000","171,20","175,50","177,20","168,20","16,52K","-1,95%"
"01.03.2000","174,60","166,50","176,00","164,00","61,68K","4,61%"
"01.02.2000","166,90","166,60","174,50","162,50","75,82K","0,54%"
"01.01.2000","166,00","148,50","172,50","146,00","66,25K","12,77%"
"01.12.1999","147,20","147,00","151,00","141,80","76,61K","0,20%"
"01.11.1999","146,90","151,20","153,50","142,00","69,30K","-2,72%"
"01.10.1999","151,00","152,50","159,70","148,30","42,54K","-0,85%"
"01.09.1999","152,30","146,10","159,50","145,20","184,64K","4,24%"
"01.08.1999","146,10","133,10","150,00","132,80","101,37K","11,61%"
"01.07.1999","130,90","132,80","146,10","120,20","72,16K","-1,95%"
"01.06.1999","133,50","130,20","143,00","130,00","46,22K","1,37%"
"01.05.1999","131,70","133,50","137,50","129,70","21,91K","-1,35%"
"01.04.1999","133,50","138,70","140,50","131,50","23,97K","-2,77%"
"01.03.1999","137,30","127,40","142,00","127,00","75,50K","7,69%"
"01.02.1999","127,50","130,50","138,20","126,00","78,69K","-2,67%"
"01.01.1999","131,00","142,00","145,00","130,60","57,13K","-6,89%"
"01.12.1998","140,70","153,00","157,70","140,50","109,97K","-8,81%"
"01.11.1998","154,30","150,00","159,00","145,50","58,93K","3,28%"
"01.10.1998","149,40","132,20","152,50","130,70","62,32K","12,75%"
"01.09.1998","132,50","131,00","137,30","127,40","157,72K","0,68%"
"01.08.1998","131,60","142,30","142,30","131,50","97,28K","-7,52%"
"01.07.1998","142,30","167,00","170,00","142,00","69,72K","-14,33%"
"01.06.1998","166,10","156,50","181,50","146,90","61,39K","5,80%"
"01.05.1998","157,00","160,40","166,30","154,80","30,64K","-2,12%"
"01.04.1998","160,40","170,00","170,50","159,70","36,04K","-4,75%"
"01.03.1998","168,40","180,00","185,00","168,20","72,82K","-6,65%"
"01.02.1998","180,40","196,00","197,80","178,00","69,03K","-7,96%"
"01.01.1998","196,00","200,50","203,00","190,90","67,70K","-2,20%"
"01.12.1997","200,40","221,50","224,20","200,30","111,67K","-9,73%"
"01.11.1997","222,00","217,50","234,40","217,00","102,91K","2,68%"
"01.10.1997","216,20","196,00","237,50","195,00","75,65K","10,48%"
"01.09.1997","195,70","209,00","221,80","195,20","166,01K","-5,55%"
"01.08.1997","207,20","220,50","225,00","200,50","86,13K","-6,46%"
"01.07.1997","221,50","217,00","231,90","200,80","61,84K","2,36%"
"01.06.1997","216,40","247,00","248,50","216,10","40,62K","-12,64%"
"01.05.1997","247,70","275,00","283,80","238,70","49,48K","-9,89%"
"01.04.1997","274,90","274,00","281,60","257,50","40,36K","2,46%"
"01.03.1997","268,30","254,60","275,50","252,00","89,90K","6,60%"
"01.02.1997","251,70","226,00","253,00","226,00","81,44K","9,58%"
"01.01.1997","229,70","213,00","234,90","213,00","71,00K","7,69%"
"01.12.1996","213,30","221,20","224,90","209,90","94,01K","-4,31%"
"01.11.1996","222,90","210,00","226,00","208,00","78,18K","5,64%"
"01.10.1996","211,00","247,30","248,00","210,50","67,87K","-14,99%"
"01.09.1996","248,20","253,50","262,00","247,50","157,22K","-1,70%"
"01.08.1996","252,50","233,50","254,50","228,50","90,37K","8,74%"
"01.07.1996","232,20","241,00","261,50","230,50","46,41K","-3,05%"
"01.06.1996","239,50","235,50","244,40","230,00","22,52K","0,63%"
"01.05.1996","238,00","250,50","256,50","234,80","31,94K","-3,09%"
"01.04.1996","245,60","238,50","267,00","238,50","36,33K","2,93%"
"01.03.1996","238,60","241,30","241,60","226,50","67,18K","-1,20%"
"01.02.1996","241,50","238,10","242,80","229,60","77,53K","1,22%"
"01.01.1996","238,60","238,00","245,30","231,30","65,77K","0,89%"
"01.12.1995","236,50","217,50","239,50","217,50","129,46K","9,19%"
"01.11.1995","216,60","209,80","217,00","207,80","93,16K","3,04%"
"01.10.1995","210,20","197,20","211,20","193,20","56,79K","6,22%"
"01.09.1995","197,90","188,90","207,70","188,60","139,36K","4,88%"
"01.08.1995","188,70","183,30","190,00","172,50","76,00K","3,11%"
"01.07.1995","183,00","175,00","193,50","174,70","41,97K","5,35%"
"01.06.1995","173,70","175,00","183,90","170,20","36,47K","0,06%"
"01.05.1995","173,60","169,80","188,00","168,30","32,31K","2,48%"
"01.04.1995","169,40","174,30","179,70","168,60","15,46K","-2,53%"
"01.03.1995","173,80","161,90","175,50","159,80","79,62K","7,22%"
"01.02.1995","162,10","162,50","165,70","160,30","44,47K","-0,31%"
"01.01.1995","162,60","161,20","168,00","159,80","46,65K","0,74%"
"01.12.1994","161,40","161,70","170,50","159,30","75,14K","-0,31%"
"01.11.1994","161,90","165,80","167,80","161,70","62,06K","-2,23%"
"01.10.1994","165,60","163,70","169,70","161,90","37,07K","1,47%"
"01.09.1994","163,20","172,50","175,40","163,10","134,34K","-5,45%"
"01.08.1994","172,60","174,50","176,20","169,60","69,76K","-1,71%"
"01.07.1994","175,60","190,00","190,00","172,20","38,92K","-8,21%"
"01.06.1994","191,30","200,00","209,00","188,80","38,81K","-5,30%"
"01.05.1994","202,00","190,00","204,50","185,20","45,03K","6,15%"
"01.04.1994","190,30","191,60","191,60","185,00","27,28K","-1,76%"
"01.03.1994","193,70","194,00","199,60","190,80","65,14K","-0,15%"
"01.02.1994","194,00","195,80","199,00","193,00","55,91K","-0,67%"
"01.01.1994","195,30","203,70","203,90","194,60","53,55K","-4,31%"
"01.12.1993","204,10","202,50","206,70","197,60","95,68K","0,84%"
"01.11.1993","202,40","194,00","210,50","192,00","80,50K","4,76%"
"01.10.1993","193,20","193,40","196,20","188,00","34,67K","-0,62%"
"01.09.1993","194,40","208,90","208,90","191,70","125,29K","-6,94%"
"01.08.1993","208,90","220,30","225,60","206,70","91,06K","-5,09%"
"01.07.1993","220,10","201,50","239,20","200,80","63,21K","8,16%"
"01.06.1993","203,50","190,00","205,30","184,10","41,31K","6,54%"
"01.05.1993","191,00","188,50","193,50","186,40","34,73K","1,98%"
"01.04.1993","187,30","189,40","190,40","184,70","14,90K","-0,43%"
"01.03.1993","188,10","181,00","189,10","179,30","58,81K","4,04%"
"01.02.1993","180,80","182,30","183,00","179,00","45,97K","-1,09%"
"01.01.1993","182,80","184,30","185,70","182,00","41,84K","-1,14%"
"01.12.1992","184,90","181,20","188,60","178,60","82,79K","1,82%"
"01.11.1992","181,60","183,50","184,30","178,30","48,75K","-0,66%"
"01.10.1992","182,80","185,50","185,50","181,00","31,70K","-1,46%"
"01.09.1992","185,50","190,80","194,80","184,10","99,43K","-2,27%"
"01.08.1992","189,80","190,40","192,70","184,00","74,07K","-0,52%"
"01.07.1992","190,80","179,50","193,50","173,70","58,83K","4,15%"
"01.06.1992","183,20","188,00","189,80","179,50","31,28K","-1,08%"
"01.05.1992","185,20","177,40","190,00","177,20","29,02K","4,40%"
"01.04.1992","177,40","183,10","183,10","175,30","16,97K","-2,85%"
"01.03.1992","182,60","179,60","185,50","178,30","52,47K","1,84%"
"01.02.1992","179,30","177,80","182,20","175,80","42,55K","0,22%"
"01.01.1992","178,90","172,20","183,30","169,20","53,31K","3,89%"
"01.12.1991","172,20","173,30","175,30","166,60","80,49K","-1,03%"
"01.11.1991","174,00","180,30","181,80","173,00","61,75K","-3,17%"
"01.10.1991","179,70","190,50","191,00","173,20","44,27K","-5,12%"
"01.09.1991","189,40","186,10","197,70","182,50","120,64K","1,45%"
"01.08.1991","186,70","183,70","195,00","164,00","94,17K","4,01%"
"01.07.1991","179,50","165,20","187,00","160,00","42,38K","9,92%"
"01.06.1991","163,30","176,90","178,30","162,20","28,11K","-7,22%"
"01.05.1991","176,00","177,20","178,70","171,50","21,93K","-0,34%"
"01.04.1991","176,60","175,20","182,60","173,80","21,96K","2,08%"
"01.03.1991","173,00","174,70","180,00","168,10","47,33K","-0,86%"
"01.02.1991","174,50","173,60","179,00","171,20","34,30K","0,93%"
"01.01.1991","172,90","173,40","178,60","166,00","43,81K","-0,40%"
"01.12.1990","173,60","179,90","188,00","171,80","86,84K","-3,72%"
"01.11.1990","180,30","185,00","188,80","176,20","67,39K","-2,59%"
"01.10.1990","185,10","183,30","197,00","181,60","51,62K","0,27%"
"01.09.1990","184,60","179,30","191,30","179,10","134,18K","2,78%"
"01.08.1990","179,60","172,30","188,30","168,00","109,58K","4,48%"
"01.07.1990","171,90","188,00","194,30","169,50","43,91K","-6,42%"
"01.06.1990","183,70","182,50","184,00","174,50","24,13K","1,16%"
"01.05.1990","181,60","190,90","198,00","179,00","32,58K","-4,77%"
"01.04.1990","190,70","177,80","194,00","174,50","25,65K","7,26%"
"01.03.1990","177,80","170,40","182,00","168,20","69,53K","4,40%"
"01.02.1990","170,30","174,30","176,30","167,80","47,19K","-2,18%"
"01.01.1990","174,10","181,40","181,80","172,10","49,09K","-4,02%"
"01.12.1989","181,40","185,10","185,50","178,20","57,34K","-1,84%"
"01.11.1989","184,80","179,60","187,60","179,20","50,35K","2,78%"
"01.10.1989","179,80","184,00","187,80","175,50","36,05K","-0,50%"
"01.09.1989","180,70","185,00","191,40","178,20","123,57K","-2,43%"
"01.08.1989","185,20","182,20","188,00","176,50","76,12K","1,65%"
"01.07.1989","182,20","203,10","220,50","180,00","40,95K","-10,29%"
"01.06.1989","203,10","195,70","211,00","189,50","26,97K","2,73%"
"01.05.1989","197,70","219,20","226,00","195,00","31,57K","-9,15%"
"01.04.1989","217,60","222,00","231,50","214,00","24,51K","-2,86%"
"01.03.1989","224,00","233,20","243,50","223,00","41,88K","-4,56%"
"01.02.1989","234,70","246,00","246,50","222,10","33,59K","-4,48%"
"01.01.1989","245,70","262,70","267,00","236,00","58,47K","-6,76%"
"01.12.1988","263,50","248,00","264,00","240,40","114,50K","5,95%"
"01.11.1988","248,70","251,50","265,80","236,50","92,26K","-1,19%"
"01.10.1988","251,70","256,20","266,50","242,50","62,43K","-2,33%"
"01.09.1988","257,70","267,60","284,00","252,00","167,41K","-2,46%"
"01.08.1988","264,20","248,70","277,50","247,70","94,07K","10,68%"
"01.07.1988","238,70","292,50","295,50","225,50","43,84K","-16,83%"
"01.06.1988","287,00","238,70","325,00","238,50","43,56K","19,98%"
"01.05.1988","239,20","203,90","239,20","201,00","47,01K","17,49%"
"01.04.1988","203,60","199,20","203,80","193,50","33,66K","4,73%"
"01.03.1988","194,40","188,70","196,50","179,50","64,43K","3,02%"
"01.02.1988","188,70","177,20","193,00","175,60","60,21K","5,83%"
"01.01.1988","178,30","185,20","189,50","176,00","57,71K","-3,73%"
"01.12.1987","185,20","200,20","205,00","181,10","83,89K","-7,49%"
"01.11.1987","200,20","169,70","204,00","166,40","62,24K","17,76%"
"01.10.1987","170,00","169,20","174,50","159,80","44,41K","2,29%"
"01.09.1987","166,20","153,60","172,80","153,50","121,67K","7,99%"
"01.08.1987","153,90","160,50","160,50","150,30","49,20K","-3,63%"
"01.07.1987","159,70","166,20","167,70","156,70","31,33K","-3,80%"
"01.06.1987","166,00","166,00","193,70","163,10","32,79K","-0,72%"
"01.05.1987","167,20","158,50","178,50","156,30","32,39K","5,03%"
"01.04.1987","159,20","143,30","159,50","143,20","21,47K","11,95%"
"01.03.1987","142,20","136,00","142,50","135,50","38,83K","4,87%"
"01.02.1987","135,60","139,20","140,80","134,50","40,26K","-2,24%"
"01.01.1987","138,70","145,80","145,80","138,20","40,43K","-4,67%"
"01.12.1986","145,50","149,00","149,10","141,00","44,46K","-2,22%"
"01.11.1986","148,80","151,60","151,80","148,20","24,35K","-1,98%"
"01.10.1986","151,80","153,00","153,60","145,80","25,83K","-0,59%"
"01.09.1986","152,70","150,20","155,00","148,80","67,73K","-0,07%"
"01.08.1986","152,80","145,90","154,00","140,80","62,64K","4,09%"
"01.07.1986","146,80","140,30","149,50","139,00","18,77K","4,11%"
"01.06.1986","141,00","145,30","148,00","140,30","8,87K","-3,09%"
"01.05.1986","145,50","158,00","158,00","145,00","13,10K","-8,32%"
"01.04.1986","158,70","154,40","160,80","150,10","13,18K","3,12%"
"01.03.1986","153,90","161,30","163,90","153,20","28,90K","-4,82%"
"01.02.1986","161,70","154,70","162,00","152,30","29,88K","3,59%"
"01.01.1986","156,10","152,50","160,60","150,00","25,30K","1,76%"
"01.12.1985","153,40","144,20","157,00","141,20","46,70K","6,60%"
"01.11.1985","143,90","149,20","151,90","136,00","44,68K","-3,62%"
"01.10.1985","149,30","135,40","150,50","134,60","30,12K","10,10%"
"01.09.1985","135,60","128,60","141,00","126,70","80,56K","4,71%"
"01.08.1985","129,50","124,00","130,70","122,50","49,05K","3,85%"
"01.07.1985","124,70","124,20","139,00","122,30","37,40K","0,00%"
"01.06.1985","124,70","125,80","131,70","124,00","22,70K","-0,80%"
"01.05.1985","125,70","129,30","132,70","123,60","26,49K","-3,01%"
"01.04.1985","129,60","146,00","146,00","129,10","18,31K","-11,96%"
"01.03.1985","147,20","135,90","150,00","135,80","34,45K","8,39%"
"01.02.1985","135,80","152,80","152,80","134,70","31,12K","-11,42%"
"01.01.1985","153,30","150,30","155,70","145,60","23,39K","1,46%"
"01.12.1984","151,10","160,00","160,20","149,50","36,45K","-5,27%"
"01.11.1984","159,50","164,80","167,50","157,70","32,47K","-2,80%"
"01.10.1984","164,10","151,70","169,80","150,20","26,25K","7,68%"
"01.09.1984","152,40","156,70","159,90","151,30","71,04K","-4,39%"
"01.08.1984","159,40","158,30","167,20","151,20","67,96K","1,01%"
"01.07.1984","157,80","184,00","184,30","155,50","43,55K","-14,10%"
"01.06.1984","183,70","195,70","197,00","178,30","27,84K","-6,51%"
"01.05.1984","196,50","191,50","206,50","190,50","35,93K","2,61%"
"01.04.1984","191,50","209,50","212,60","190,30","24,53K","-9,11%"
"01.03.1984","210,70","205,70","213,00","204,50","44,41K","2,88%"
"01.02.1984","204,80","200,00","206,00","193,50","40,44K","2,04%"
"01.01.1984","200,70","221,30","221,50","195,50","49,03K","-10,80%"
"01.12.1983","225,00","226,20","229,50","211,70","63,24K","-0,79%"
"01.11.1983","226,80","234,80","252,00","220,00","84,38K","-2,99%"
"01.10.1983","233,80","236,80","244,70","227,00","45,92K","-2,38%"
"01.09.1983","239,50","238,90","257,90","222,50","188,73K","-1,11%"
"01.08.1983","242,20","201,30","266,20","200,60","129,97K","20,32%"
"01.07.1983","201,30","178,80","213,50","176,00","31,28K","12,02%"
"01.06.1983","179,70","179,70","184,30","170,00","14,76K","-0,33%"
"01.05.1983","180,30","194,60","194,60","180,00","16,53K","-7,11%"
"01.04.1983","194,10","197,50","200,00","188,80","13,89K","-1,37%"
"01.03.1983","196,80","176,30","199,70","175,80","45,52K","12,71%"
"01.02.1983","174,60","188,30","189,20","174,00","37,90K","-7,32%"
"01.01.1983","188,40","175,00","189,50","174,10","39,71K","7,53%"
"01.12.1982","175,20","177,40","177,50","170,20","53,20K","-1,02%"
"01.11.1982","177,00","165,80","179,40","165,30","53,48K","7,27%"
"01.10.1982","165,00","159,50","167,50","153,70","29,42K","3,45%"
"01.09.1982","159,50","164,40","166,50","159,40","62,98K","-3,16%"
"01.08.1982","164,70","175,70","177,20","159,60","46,27K","-5,78%"
"01.07.1982","174,80","179,00","183,10","173,40","25,23K","-2,40%"
"01.06.1982","179,10","185,50","190,00","179,00","11,58K","-3,97%"
"01.05.1982","186,50","195,00","195,00","186,00","8,42K","-3,52%"
"01.04.1982","193,30","191,00","199,00","190,00","6,62K","1,74%"
"01.03.1982","190,00","190,30","191,00","181,50","46,67K","0,16%"
"01.02.1982","189,70","199,20","201,50","185,50","35,64K","-5,20%"
"01.01.1982","200,10","188,90","201,00","187,80","28,45K","6,27%"
"01.12.1981","188,30","192,80","200,50","180,50","68,20K","-2,79%"
"01.11.1981","193,70","199,50","201,50","190,00","27,06K","-2,57%"
"01.10.1981","198,80","193,70","199,80","191,60","23,60K","3,06%"
"01.09.1981","192,90","194,00","200,50","190,00","83,50K","-0,72%"
"01.08.1981","194,30","209,30","209,50","192,30","57,42K","-8,39%"
"01.07.1981","212,10","203,20","218,00","201,70","26,19K","4,74%"
"01.06.1981","202,50","223,70","224,00","198,60","","-8,78%"
"01.05.1981","222,00","235,00","236,70","217,00","","-5,01%"
"01.04.1981","233,70","231,50","244,00","228,50","","1,17%"
"01.03.1981","231,00","218,00","234,00","211,80","","3,73%"
"01.02.1981","222,70","226,00","239,50","222,50","","-1,76%"
"01.01.1981","226,70","249,50","259,50","220,50","","-8,96%"
"01.12.1980","249,00","287,00","287,50","213,50","","-12,78%"
"01.11.1980","285,50","288,50","300,50","273,80","","-0,97%"
"01.10.1980","288,30","246,00","298,00","238,00","","18,01%"
"01.09.1980","244,30","236,80","262,50","234,50","","3,34%"
"01.08.1980","236,40","218,50","236,60","208,50","","7,99%"
"01.07.1980","218,90","185,80","225,00","185,20","","17,88%"
"01.06.1980","185,70","175,80","185,80","172,90","","5,45%"
"01.05.1980","176,10","175,00","181,80","173,50","","0,28%"
"01.04.1980","175,60","171,20","180,00","169,10","","2,09%"
"01.03.1980","172,00","185,50","188,90","171,50","","-7,53%"
"01.02.1980","186,00","196,80","199,00","185,70","","-4,76%"
"01.01.1980","195,30","190,00","198,00","179,90","","2,95%"
"01.12.1979","189,70","199,50","200,00","189,50","","-4,53%"
"01.11.1979","198,70","188,50","202,50","182,50","","5,36%"
"01.10.1979","188,60","202,40","207,50","184,20","","-5,70%"
"01.09.1979","200,00","194,70","204,60","187,70","","2,56%"
"01.08.1979","195,00","194,20","198,30","186,20","","1,25%"
"01.07.1979","192,60","200,50","214,00","191,00","","-3,31%"
"01.06.1979","199,20","198,00","234,50","196,80","","0,45%"
"01.05.1979","198,30","194,50","201,50","192,90","","1,74%"
"01.04.1979","194,90","205,00","206,20","194,50","","-5,07%"
"01.03.1979","205,30","205,70","207,30","197,20","","-0,82%"
"01.02.1979","207,00","193,50","212,50","192,60","","6,76%"
"01.01.1979","193,90","189,00","196,00","184,50","","2,97%"
"01.12.1978","188,30","188,70","197,00","184,70","","-0,05%"
"01.11.1978","188,40","192,00","200,00","179,70","","-4,70%"
"01.10.1978","197,70","176,00","204,00","176,00","","12,59%"
"01.09.1978","175,60","170,40","178,90","167,50","","2,45%"
"01.08.1978","171,40","162,70","174,70","157,60","","4,90%"
"01.07.1978","163,40","170,20","175,40","160,50","","-6,58%"
"01.06.1978","174,90","183,70","184,00","169,00","","-4,69%"
"01.05.1978","183,50","176,70","186,00","172,00","","3,91%"
"01.04.1978","176,60","182,00","188,50","172,00","","-2,97%"
"01.03.1978","182,00","158,30","196,00","158,20","","15,78%"
"01.02.1978","157,20","156,20","160,30","155,20","","0,38%"
"01.01.1978","156,60","167,70","169,20","153,20","","-6,06%"
"01.12.1977","166,70","160,70","170,50","156,00","","3,54%"
"01.11.1977","161,00","160,70","179,70","158,50","","0,81%"
"01.10.1977","159,70","142,20","159,70","141,00","","11,06%"
"01.09.1977","143,80","140,20","154,00","134,00","","3,30%"
"01.08.1977","139,20","147,00","154,00","132,30","","-7,08%"
"01.07.1977","149,80","187,70","187,70","149,60","","-24,23%"
"01.06.1977","197,70","233,00","241,00","187,50","","-14,42%"
"01.05.1977","231,00","291,20","292,50","213,00","","-17,65%"
"01.04.1977","280,50","258,50","306,30","255,00","","11,66%"
"01.03.1977","251,20","227,60","253,50","225,70","","10,32%"
"01.02.1977","227,70","210,60","230,90","207,50","","7,97%"
"01.01.1977","210,90","208,40","218,50","205,40","","1,35%"
"01.12.1976","208,10","197,80","208,50","195,50","","5,90%"
"01.11.1976","196,50","190,10","202,00","178,00","","3,04%"
"01.10.1976","190,70","180,30","194,00","175,50","","5,36%"
"01.09.1976","181,00","191,10","213,00","175,00","","-4,89%"
"01.08.1976","190,30","178,00","201,00","168,50","","6,61%"
"01.07.1976","178,50","199,70","231,00","178,00","","-11,50%"
"01.06.1976","201,70","173,00","209,00","172,70","","15,59%"
"01.05.1976","174,50","139,90","176,00","139,40","","24,91%"
"01.04.1976","139,70","134,70","141,50","134,00","","3,33%"
"01.03.1976","135,20","138,50","138,80","133,40","","-2,52%"
"01.02.1976","138,70","139,50","143,00","136,50","","0,00%"
"01.01.1976","138,70","128,50","140,50","127,50","","7,94%"
"01.12.1975","128,50","140,50","143,00","124,30","","-8,67%"
"01.11.1975","140,70","134,00","143,50","127,50","","4,22%"
"01.10.1975","135,00","147,50","148,50","131,50","","-8,16%"
"01.09.1975","147,00","147,00","151,00","136,50","","-0,20%"
"01.08.1975","147,30","138,00","163,00","136,10","","7,28%"
"01.07.1975","137,30","124,00","149,00","122,50","","11,17%"
"01.06.1975","123,50","121,50","132,50","120,50","","0,98%"
"01.05.1975","122,30","124,50","131,00","119,00","","-2,55%"
"01.04.1975","125,50","135,00","140,00","124,20","","-6,48%"
"01.03.1975","134,20","115,50","144,50","112,00","","14,70%"
"01.02.1975","117,00","130,00","137,00","116,00","","-11,36%"
"01.01.1975","132,00","155,50","159,00","122,00","","-15,00%"
"01.12.1974","155,30","171,90","177,50","146,50","","-8,49%"
"01.11.1974","169,70","178,10","183,50","147,50","","-6,60%"
"01.10.1974","181,70","191,00","203,00","171,00","","-2,57%"
"01.09.1974","186,50","161,50","186,50","146,50","","16,42%"
"01.08.1974","160,20","199,00","201,00","134,00","","-22,23%"
"01.07.1974","206,00","121,00","214,00","118,00","","78,66%"
"01.06.1974","115,30","117,00","126,00","105,00","","-2,12%"
"01.05.1974","117,80","118,50","126,00","117,00","","-1,83%"
"01.04.1974","120,00","153,00","153,00","114,50","","-21,57%"
"01.03.1974","153,00","163,00","168,50","152,50","","-4,97%"
"01.02.1974","161,00","169,00","175,00","152,00","","-5,41%"
"01.01.1974","170,20","166,00","182,00","163,00","","2,84%"
"01.12.1973","165,50","177,00","197,00","165,00","","-8,41%"
"01.11.1973","180,70","157,50","200,00","151,80","","14,15%"
"01.10.1973","158,30","186,00","191,50","150,00","","-13,97%"
"01.09.1973","184,00","210,00","215,00","176,00","","-16,36%"
"01.08.1973","220,00","291,00","316,00","212,00","","-23,61%"
"01.07.1973","288,00","308,00","324,00","218,00","","-10,84%"
"01.06.1973","323,00","330,30","365,00","288,00","","2,54%"
"01.05.1973","315,00","227,30","325,80","227,30","","41,70%"
"01.04.1973","222,30","163,50","222,30","162,00","","39,72%"
"01.03.1973","159,10","195,50","216,00","154,10","","-18,83%"
"01.02.1973","196,00","166,00","210,90","165,80","","17,08%"